[
   {
      "ID": 405,
      "Status": 2,
      "TokensReward": 0,
      "CountdownTimer": 0,
      "Timer": 99999,
      "Modifier": 0
   },
   {
      "ID": 257,
      "Status": 2,
      "TokensReward": 0,
      "CountdownTimer": 0,
      "Timer": 99999,
      "Modifier":0
   },
   {
      "ID": 25,
      "Status": 2,
      "TokensReward": 0,
      "CountdownTimer": 0,
      "Timer": 99999,
      "Modifier": 0
   },
   {
      "ID": 306,
      "Status": 2,
      "TokensReward": 0,
      "CountdownTimer": 0,
      "Timer": 99999,
      "Modifier": 0
   },
   {
      "ID": 258,
      "Status": 2,
      "TokensReward": 0,
      "CountdownTimer": 0,
      "Timer": 99999,
      "Modifier": 0
   },
   {
      "ID": 429,
      "Status": 2,
      "TokensReward": 0,
      "CountdownTimer": 0,
      "Timer": 99999,
      "Modifier": 0
   },
   {
      "ID": 65,
      "Status": 2,
      "TokensReward": 0,
      "CountdownTimer": 0,
      "Timer": 99999,
      "Modifier": 0
   },
   {
      "ID": 385,
      "Status": 2,
      "TokensReward": 0,
      "CountdownTimer": 0,
      "Timer": 99999,
      "Modifier": 0
   },
   {
      "ID": 0,
      "Status": 2,
      "TokensReward": 0,
      "CountdownTimer": 0,
      "Timer": 99999,
      "Modifier": 0
   },
   {
      "ID": 370,
      "Status": 2,
      "TokensReward": 0,
      "CountdownTimer": 0,
      "Timer": 99999,
      "Modifier": 0
   },
   {
      "ID": 221,
      "Status": 2,
      "TokensReward": 0,
      "CountdownTimer": 0,
      "Timer": 99999,
      "Modifier": 0
   },
   {
      "ID": 24,
      "Status": 2,
      "TokensReward": 0,
      "CountdownTimer": 0,
      "Timer": 99999,
      "Modifier": 0
   },
   {
      "ID": 42,
      "Status": 2,
      "TokensReward": 0,
      "CountdownTimer": 0,
      "Timer": 99999,
      "Modifier": 0
   }
]