[
   {
      "ItemType": 0,
      "Amount": 0,
      "Text": "",
      "CsvID": [0,0],
      "SkinID": 0,
      "Currency": 0,
      "Cost": 0,
      "Time": 86400,
      "OldPrice": 0,
      "Background": "offer_velocirapids",
      "TypeBenefit": 0,
      "Benefit": 0,
      "Claim": true,
      "DailyOffer": true,
      "Processed": false,
      "Claimed": false
   },
   {
      "ItemType": 10,
      "Amount": 1,
      "Text": "",
      "CsvID": [0,0],
      "SkinID": 0,
      "Currency": 0,
      "Cost": 60,
      "Time": 86400,
      "OldPrice": 0,
      "Background": "offer_velocirapids",
      "TypeBenefit": 0,
      "Benefit": 0,
      "DailyOffer": true,
      "Processed": false,
      "Claimed": false
   },
   {
      "ItemType": 8,
      "Amount": 147,
      "Text": "",
      "CsvID": [16,30],
      "SkinID": 45,
      "Currency": 1,
      "Cost": 294,
      "Time": 86400,
      "OldPrice": 0,
      "Background": "offer_velocirapids",
      "TypeBenefit": 0,
      "Benefit": 0,
      "Claim": true,
      "DailyOffer": true,
      "Processed": false,
      "Claimed": false
   },
   {
      "ItemType": 8,
      "Amount": 95,
      "Text": "",
      "CsvID": [16,32],
      "SkinID": 50,
      "Currency": 1,
      "Cost": 190,
      "Time": 86400,
      "OldPrice": 0,
      "Background": "offer_velocirapids",
      "TypeBenefit": 0,
      "Benefit": 0,
      "Claim": true,
      "DailyOffer": true,
      "Processed": false,
      "Claimed": false
   },
   {
      "ItemType": 8,
      "Amount": 45,
      "Text": "",
      "CsvID": [16,32],
      "SkinID": 32,
      "Currency": 1,
      "Cost": 90,
      "Time": 86400,
      "OldPrice": 0,
      "Background": "offer_velocirapids",
      "TypeBenefit": 0,
      "Benefit": 0,
      "Claim": true,
      "DailyOffer": true,
      "Processed": false,
      "Claimed": false
   },
   {
      "ItemType": 8,
      "Amount": 31,
      "Text": "",
      "CsvID": [16,24],
      "SkinID": 24,
      "Currency": 1,
      "Cost": 62,
      "Time": 86400,
      "OldPrice": 0,
      "Background": "offer_velocirapids",
      "TypeBenefit": 0,
      "Benefit": 0,
      "Claim": true,
      "DailyOffer": true,
      "Processed": false,
      "Claimed": false
   },
   {
      "ItemType": 4,
      "Amount": 0,
      "Text": "",
      "CsvID": [29,244],
      "SkinID": 244,
      "Currency": 0,
      "Cost": 29,
      "Time": 86400,
      "OldPrice": 0,
      "Background": "offer_velocirapids",
      "TypeBenefit": 0,
      "Benefit": 0,
      "DailyOffer": false,
      "Processed": false,
      "Claimed": false
   },
   {
      "ItemType": 4,
      "Amount": 0,
      "Text": "",
      "CsvID": [29,345],
      "SkinID": 345,
      "Currency": 0,
      "Cost": 79,
      "Time": 86400,
      "OldPrice": 0,
      "Background": "offer_velocirapids",
      "TypeBenefit": 0,
      "Benefit": 0,
      "DailyOffer": false,
      "Processed": false,
      "Claimed": false
   },
   {
      "ItemType": 4,
      "Amount": 0,
      "Text": "",
      "CsvID": [29,276],
      "SkinID": 276,
      "Currency": 1,
      "Cost": 10000,
      "Time": 86400,
      "OldPrice": 0,
      "Background": "offer_velocirapids",
      "TypeBenefit": 0,
      "Benefit": 0,
      "DailyOffer": false,
      "Processed": false,
      "Claimed": false
   },
   {
      "ItemType": 4,
      "Amount": 0,
      "Text": "",
      "CsvID": [29,355],
      "SkinID": 355,
      "Currency": 0,
      "Cost": 79,
      "Time": 86400,
      "OldPrice": 0,
      "Background": "offer_velocirapids",
      "TypeBenefit": 0,
      "Benefit": 0,
      "DailyOffer": false,
      "Processed": false,
      "Claimed": false
   },
   {
      "ItemType": 4,
      "Amount": 0,
      "Text": "",
      "CsvID": [29,381],
      "SkinID": 381,
      "Currency": 0,
      "Cost": 79,
      "Time": 86400,
      "OldPrice": 0,
      "Background": "offer_velocirapids",
      "TypeBenefit": 0,
      "Benefit": 0,
      "DailyOffer": false,
      "Processed": false,
      "Claimed": false
   },
   {
      "ItemType": 4,
      "Amount": 0,
      "Text": "",
      "CsvID": [29,233],
      "SkinID": 233,
      "Currency": 0,
      "Cost": 79,
      "Time": 86400,
      "OldPrice": 0,
      "Background": "offer_velocirapids",
      "TypeBenefit": 0,
      "Benefit": 0,
      "DailyOffer": false,
      "Processed": false,
      "Claimed": false
   },
   {
      "ItemType": 4,
      "Amount": 0,
      "Text": "",
      "CsvID": [29,358],
      "SkinID": 358,
      "Currency": 0,
      "Cost": 149,
      "Time": 86400,
      "OldPrice": 0,
      "Background": "offer_velocirapids",
      "TypeBenefit": 0,
      "Benefit": 0,
      "DailyOffer": false,
      "Processed": false,
      "Claimed": false
   },
   {
      "ItemType": 4,
      "Amount": 0,
      "Text": "",
      "CsvID": [29,310],
      "SkinID": 310,
      "Currency": 0,
      "Cost": 79,
      "Time": 86400,
      "OldPrice": 0,
      "Background": "offer_velocirapids",
      "TypeBenefit": 0,
      "Benefit": 0,
      "DailyOffer": false,
      "Processed": false,
      "Claimed": false
   },
   {
      "ItemType": 4,
      "Amount": 0,
      "Text": "",
      "CsvID": [29,98],
      "SkinID": 98,
      "Currency": 3,
      "Cost": 50000,
      "Time": 86400,
      "OldPrice": 0,
      "Background": "offer_velocirapids",
      "TypeBenefit": 0,
      "Benefit": 0,
      "DailyOffer": false,
      "Processed": false,
      "Claimed": false
   },
   {
      "ItemType": 4,
      "Amount": 0,
      "Text": "",
      "CsvID": [29,266],
      "SkinID": 265,
      "Currency": 3,
      "Cost": 10000,
      "Time": 86400,
      "OldPrice": 0,
      "Background": "offer_velocirapids",
      "TypeBenefit": 0,
      "Benefit": 0,
      "DailyOffer": false,
      "Processed": false,
      "Claimed": false
   },
   {
      "ItemType": 12,
      "Amount": 250,
      "Text": "Gift🎁",
      "CsvID": [0,0],
      "SkinID": 0,
      "Currency": 0,
      "Cost": 0,
      "Time": 172800,
      "OldPrice": 0,
      "Background": "offer_lyn",
      "TypeBenefit": 0,
      "Benefit": 0,
      "DailyOffer": false,
      "Processed": false,
      "Claimed": false
   },
   {
      "ItemType": 3,
      "Amount": 0,
      "Text": "Brawler",
      "CsvID": [16,22],
      "SkinID": 0,
      "Currency": 0,
      "Cost": 109,
      "Time": 172800,
      "OldPrice": 699,
      "Background": "offer_special", 
      "TypeBenefit": 0,
      "Benefit": 0,
      "DailyOffer": false,
      "Processed": false,
      "Claimed": false
   },
   {
      "ItemType": 30,
      "Amount": 11,
      "Text": "Brawler with LVL",
      "CsvID": [16,32],
      "SkinID": 0,
      "Currency": 0,
      "Cost": 229,
      "Time": 172800,
      "OldPrice": 0,
      "Background": "offer_velocirapids",
      "TypeBenefit": 0,
      "Benefit": 0,
      "DailyOffer": false,
      "Processed": false,
      "Claimed": false
   }
   
]
